id,Title,Medium,Dates,Place
edanmdm-siris_arc_399090,This Was the Time 1970,Motion Pictures,1970s,North America
edanmdm-siris_arc_398683,Indian America 1975,Motion Pictures,1970s,North America
edanmdm-siris_arc_398681,Kainai 1973,Motion Pictures,1970s,North America
edanmdm-siris_arc_399091,Greenlanders 1973,Motion Pictures,1970s,Europe
edanmdm-siris_arc_398761,The Hopi Way 1972,Motion Pictures,1970s,North America
edanmdm-siris_arc_398713,Totems 1962,Motion Pictures,1960s,North America
edanmdm-siris_arc_398727,Native American Myths 1976,Motion Pictures,1970s,North America
edanmdm-siris_arc_398758,Myths and the Moundbuilder 1981,Motion Pictures,1980s,North America
edanmdm-siris_arc_398722,Shelly Whitebird's First Powwow 1977,Motion Pictures,1970s,North America
edanmdm-siris_arc_398724,Our Native American Friends 1970,Motion Pictures,1970s,North America
edanmdm-siris_arc_398712,Colors of Pride 1973,Motion Pictures,1970s,North America
edanmdm-siris_arc_399073,Fox and Bear 1980,Motion Pictures,1980s,North America
edanmdm-siris_arc_399075,Quingalik and the Sea 1976,Motion Pictures,1970s,North America
edanmdm-siris_arc_398703,Our Totem is the Raven 1971,Motion Pictures,1970s,North America
edanmdm-siris_arc_399085,Haa Shagoon 1983,Motion Pictures,1980s,North America
edanmdm-siris_arc_399076,The Hungry Walrus ca. 1970s,Motion Pictures,1970s,North America
edanmdm-siris_arc_398678,Tahonka 1961,Motion Pictures,1890s,North America
edanmdm-siris_arc_399081,The Apache Indians ca. 1970s,Motion Pictures,1970s,North America
edanmdm-siris_arc_398704,Minority Youth: Adam 1971,Motion Pictures,1970s,North America
edanmdm-siris_arc_398684,Those Who Sing Together 1977,Motion Pictures,1970s,North America
edanmdm-siris_arc_398690,Noah 1973,Motion Pictures,1970s,North America
edanmdm-siris_arc_399082,The Legend of the Magic Knives 1971,Motion Pictures,1970s,North America
edanmdm-siris_arc_398764,Tuktu and His Eskimo Dogs 1969,Motion Pictures,1960s,North America
edanmdm-siris_arc_385047,"Lament of the Reservation, part III 1970",Motion Pictures,1970s,North America
edanmdm-siris_arc_399068,Tuktu and the Snow Palace 1967,Motion Pictures,1960s,North America
edanmdm-siris_arc_399062,Tuktu and the Big Seal 1967,Motion Pictures,1960s,North America
edanmdm-siris_arc_398763,Tuktu and His Animal Friends 1969,Motion Pictures,1960s,North America
edanmdm-siris_arc_398720,People of the Buffalo 1968,Motion Pictures,1960s,North America
edanmdm-siris_arc_399069,Tuktu and the Ten Thousand Fishes 1967,Motion Pictures,1960s,North America
edanmdm-siris_arc_399070,Tuktu and the Trials of Strength 1967,Motion Pictures,1960s,North America
edanmdm-siris_arc_399060,Tuktu and His Nice New Clothes 1968,Motion Pictures,1960s,North America
edanmdm-siris_arc_399067,Tuktu and the Magic Spear 1967,Motion Pictures,1960s,North America
edanmdm-siris_arc_399061,Tuktu and the Big Kayak 1969,Motion Pictures,1960s,North America
edanmdm-siris_arc_399065,Tuktu and the Indoor Games 1967,Motion Pictures,1960s,North America
edanmdm-siris_arc_399063,Tuktu and the Caribou Hunt 1967,Motion Pictures,1960s,North America
edanmdm-siris_arc_399064,Tuktu and the Clever Hands 1968,Motion Pictures,1960s,North America
edanmdm-siris_arc_399066,Tuktu and the Magic Bow 1968,Motion Pictures,1960s,North America
edanmdm-siris_arc_399096,I Heard the Owl Call My Name 1974,Motion Pictures,1970s,North America
edanmdm-siris_arc_399089,The Longhouse People 1951,Motion Pictures,1950s,North America
edanmdm-siris_arc_399092,Other Side of the Ledger: An Indian View of the Hudson's Bay Company 1972,Motion Pictures,1970s,North America
edanmdm-siris_arc_398696,Red Sunday 1975,Motion Pictures,1970s,North America
edanmdm-siris_arc_395098,New Hebrides Film Project: Tanna Island 1974,Transparencies,1970s,Oceania
edanmdm-siris_arc_396061,New Hebrides Film Project: Tanna Island 1974,Transparencies,1970s,Oceania
edanmdm-siris_arc_398708,How to Build an Igloo 1949,Motion Pictures,1940s,North America
edanmdm-siris_arc_398707,End of the Trail: The American Plains Indian 1967,Motion Pictures,1960s,North America
edanmdm-siris_arc_398697,subsistence: an Alaskan Lifestyle ca. 1970s,Motion Pictures,1970s,North America
edanmdm-siris_arc_398725,Indian Family of Long Ago: Buffalo Hunters of the Plains 1957,Motion Pictures,1950s,North America
edanmdm-siris_arc_398705,Circle of the Sun 1960,Motion Pictures,1960s,North America
edanmdm-siris_arc_398759,"Medoonak, the Stormmaker 1975",Motion Pictures,1970s,North America
edanmdm-siris_arc_279753,Rope to Our Roots 1981,Photographs,no date data,North America
edanmdm-siris_arc_398695,Charlie Squash Goes to Town 1969,Motion Pictures,1960s,North America
edanmdm-siris_arc_399097,Broken Arrow 1950,Motion Pictures,1950s,North America
edanmdm-siris_arc_399093,Pictures Out of My Life 1973,Motion Pictures,1970s,North America
edanmdm-siris_arc_398680,Cesar's Bark Canoe 1971,Motion Pictures,1970s,North America
edanmdm-siris_arc_398692,Maria of the Pueblos 1971,Motion Pictures,1970s,North America
edanmdm-siris_arc_398682,The Smile of the Walrus 1973,Motion Pictures,1970s,North America
edanmdm-siris_arc_399095,Our Land is Our Life 1974,Motion Pictures,1970s,North America
edanmdm-siris_arc_396064,New Hebrides Film Project: Tanna Island 1974,Transparencies,1970s,Oceania
edanmdm-siris_arc_396060,New Hebrides Film Project: Tanna Island 1974,Transparencies,1970s,Oceania
edanmdm-siris_arc_396062,New Hebrides Film Project: Tanna Island 1974,Transparencies,1970s,Oceania
edanmdm-siris_arc_395099,New Hebrides Film Project: Tanna Island 1974,Transparencies,1970s,Oceania
edanmdm-siris_arc_395097,New Hebrides Film Project: Tanna Island 1974,Transparencies,1970s,Oceania
edanmdm-siris_arc_395096,New Hebrides Film Project: Tanna Island 1974,Transparencies,1970s,Oceania
edanmdm-siris_arc_396059,New Hebrides Film Project: Tanna Island 1974,Transparencies,1970s,Oceania
edanmdm-siris_arc_396063,New Hebrides Film Project: Tanna Island 1974,Transparencies,1970s,Oceania
edanmdm-siris_arc_395100,New Hebrides Film Project: Tanna Island 1974,Transparencies,1970s,Oceania
edanmdm-siris_arc_398717,Chain of Life: the Aleutian Islands 1977,Motion Pictures,1970s,North America
edanmdm-siris_arc_398760,Children of the Long Beaked Bird 1976,Motion Pictures,1970s,North America
edanmdm-siris_arc_398723,Catlin and the Indians 1967,Motion Pictures,1960s,North America
edanmdm-siris_arc_398706,Caribou: The Endless Journey 1971,Motion Pictures,1970s,North America
edanmdm-siris_arc_398721,The Journals of Lewis and Clark 1965,Motion Pictures,1960s,North America
edanmdm-siris_arc_398716,Subsistence: a Way of Life is Dying 1977,Motion Pictures,1970s,North America
edanmdm-siris_arc_399071,Where the River enters the Sea ca. 1971,Motion Pictures,1970s,North America
edanmdm-siris_arc_398689,Do We Want Us To 1978,Motion Pictures,1970s,North America
edanmdm-siris_arc_398718,The Sea is Our Life 1979,Motion Pictures,1970s,North America
edanmdm-siris_arc_398719,The North American Indian: Part 1: Treaties Made and Broken ca. 1970s,Motion Pictures,1970s,North America
edanmdm-siris_arc_398694,The Eagle and the Moon 1971,Motion Pictures,1970s,North America
edanmdm-siris_arc_398699,The Crooked Beak of Heaven 1975,Motion Pictures,1970s,North America
edanmdm-siris_arc_398709,Legend of the Boy and the Eagle 1967,Motion Pictures,1960s,North America
edanmdm-siris_arc_398701,Polar Regions: Hunters and Herders 1971,Motion Pictures,1970s,Unknown+ETC
edanmdm-siris_arc_398702,Eskimos: a Changing Culture 1972,Motion Pictures,1970s,North America
edanmdm-siris_arc_398710,The Navajos: Children of the Gods 1967,Motion Pictures,1960s,North America
edanmdm-siris_arc_398700,The Treasure: Indian Heritage ca. 1970s,Motion Pictures,1970s,North America
edanmdm-siris_arc_398715,"Indians of California, Part 2: Food 1964",Motion Pictures,1960s,North America
edanmdm-siris_arc_398691,The Emerging Eskimo 1972,Motion Pictures,1970s,North America
edanmdm-siris_arc_398685,The North American Indian Part II: How the West was Won and Honor Lost 1971,Motion Pictures,1970s,North America
edanmdm-siris_arc_398686,Two Indians: Red Reflections of LIfe 1973,Motion Pictures,1970s,North America
edanmdm-siris_arc_398757,Ropes to Our Roots 1973,Motion Pictures,1970s,North America
edanmdm-siris_arc_398714,Discovering American Idnian Music 1971,Music,1970s,North America
edanmdm-siris_arc_398726,Indians of Early America 1957,Motion Pictures,1950s,North America
edanmdm-siris_arc_399083,Ceremonial Pipes 1955,Motion Pictures,1950s,North America
edanmdm-siris_arc_280664,"Central Europe, Tyrol -- Processing Flax: Spinning 1964",Photographs,1960s,Europe
edanmdm-siris_arc_397098,New Hebrides Film Project: Tanna Island 1974,Transparencies,1970s,Oceania
edanmdm-siris_arc_218584,Ishi in Two Worlds 1967,Photographs,1960s,North America
edanmdm-siris_arc_396188,New Hebrides Film Project: Tanna Island 1974,Transparencies,1970s,Oceania
edanmdm-siris_arc_397067,New Hebrides Film Project: Tanna Island 1974,Transparencies,1970s,Oceania
edanmdm-siris_arc_397071,New Hebrides Film Project: Tanna Island 1974,Transparencies,1970s,Oceania
edanmdm-siris_arc_397074,New Hebrides Film Project: Tanna Island 1974,Transparencies,1970s,Oceania
edanmdm-siris_arc_397099,New Hebrides Film Project: Tanna Island 1974,Transparencies,1970s,Oceania
edanmdm-siris_arc_396451,New Hebrides Film Project: Tanna Island 1974,Transparencies,1970s,Oceania
edanmdm-siris_arc_396067,New Hebrides Film Project: Tanna Island 1974,Transparencies,1970s,Oceania
edanmdm-siris_arc_397055,New Hebrides Film Project: Tanna Island 1974,Transparencies,1970s,Oceania
edanmdm-siris_arc_397073,New Hebrides Film Project: Tanna Island 1974,Transparencies,1970s,Oceania
edanmdm-siris_arc_396567,New Hebrides Film Project: Tanna Island 1974,Transparencies,1970s,Oceania
edanmdm-siris_arc_396450,New Hebrides Film Project: Tanna Island 1974,Transparencies,1970s,Oceania
edanmdm-siris_arc_397062,New Hebrides Film Project: Tanna Island 1974,Transparencies,1970s,Oceania
edanmdm-siris_arc_397066,New Hebrides Film Project: Tanna Island 1974,Transparencies,1970s,Oceania
edanmdm-siris_arc_396565,New Hebrides Film Project: Tanna Island 1974,Transparencies,1970s,Oceania
edanmdm-siris_arc_396453,New Hebrides Film Project: Tanna Island 1974,Transparencies,1970s,Oceania
edanmdm-siris_arc_396425,New Hebrides Film Project: Tanna Island 1974,Transparencies,1970s,Oceania
edanmdm-siris_arc_396189,New Hebrides Film Project: Tanna Island 1974,Transparencies,1970s,Oceania
edanmdm-siris_arc_397047,New Hebrides Film Project: Tanna Island 1974,Transparencies,1970s,Oceania
edanmdm-siris_arc_397057,New Hebrides Film Project: Tanna Island 1974,Transparencies,1970s,Oceania
edanmdm-siris_arc_396190,New Hebrides Film Project: Tanna Island 1974,Transparencies,1970s,Oceania
edanmdm-siris_arc_397068,New Hebrides Film Project: Tanna Island 1974,Transparencies,1970s,Oceania
edanmdm-siris_arc_396563,New Hebrides Film Project: Tanna Island 1974,Transparencies,1970s,Oceania
edanmdm-siris_arc_396452,New Hebrides Film Project: Tanna Island 1974,Transparencies,1970s,Oceania
edanmdm-siris_arc_396426,New Hebrides Film Project: Tanna Island 1974,Transparencies,1970s,Oceania
edanmdm-siris_arc_396065,New Hebrides Film Project: Tanna Island 1974,Transparencies,1970s,Oceania
edanmdm-siris_arc_399106,New Hebrides Film Project: Tanna Island 1974,Transparencies,1970s,Oceania
edanmdm-siris_arc_396428,New Hebrides Film Project: Tanna Island 1974,Transparencies,1970s,Oceania
edanmdm-siris_arc_396652,New Hebrides Film Project: Tanna Island 1974,Transparencies,1970s,Oceania
edanmdm-siris_arc_396653,New Hebrides Film Project: Tanna Island 1974,Transparencies,1970s,Oceania
edanmdm-siris_arc_397102,New Hebrides Film Project: Tanna Island 1974,Transparencies,1970s,Oceania
edanmdm-siris_arc_396568,New Hebrides Film Project: Tanna Island 1974,Transparencies,1970s,Oceania
edanmdm-siris_arc_399101,New Hebrides Film Project: Tanna Island 1974,Transparencies,1970s,Oceania
edanmdm-siris_arc_396569,New Hebrides Film Project: Tanna Island 1974,Transparencies,1970s,Oceania
edanmdm-siris_arc_396564,New Hebrides Film Project: Tanna Island 1974,Transparencies,1970s,Oceania
edanmdm-siris_arc_396454,New Hebrides Film Project: Tanna Island 1974,Transparencies,1970s,Oceania
edanmdm-siris_arc_397052,New Hebrides Film Project: Tanna Island 1974,Transparencies,1970s,Oceania
edanmdm-siris_arc_396566,New Hebrides Film Project: Tanna Island 1974,Transparencies,1970s,Oceania
edanmdm-siris_arc_396562,New Hebrides Film Project: Tanna Island 1974,Transparencies,1970s,Oceania
edanmdm-siris_arc_396186,New Hebrides Film Project: Tanna Island 1974,Transparencies,1970s,Oceania
edanmdm-siris_arc_399103,New Hebrides Film Project: Tanna Island 1974,Transparencies,1970s,Oceania
edanmdm-siris_arc_396649,New Hebrides Film Project: Tanna Island 1974,Transparencies,1970s,Oceania
edanmdm-siris_arc_396456,New Hebrides Film Project: Tanna Island 1974,Transparencies,1970s,Oceania
edanmdm-siris_arc_396066,New Hebrides Film Project: Tanna Island 1974,Transparencies,1970s,Oceania
edanmdm-siris_arc_396654,New Hebrides Film Project: Tanna Island 1974,Transparencies,1970s,Oceania
edanmdm-siris_arc_397051,New Hebrides Film Project: Tanna Island 1974,Transparencies,1970s,Oceania
edanmdm-siris_arc_397069,New Hebrides Film Project: Tanna Island 1974,Transparencies,1970s,Oceania
edanmdm-siris_arc_397070,New Hebrides Film Project: Tanna Island 1974,Transparencies,1970s,Oceania
edanmdm-siris_arc_397100,New Hebrides Film Project: Tanna Island 1974,Transparencies,1970s,Oceania
edanmdm-siris_arc_399102,New Hebrides Film Project: Tanna Island 1974,Transparencies,1970s,Oceania
edanmdm-siris_arc_399105,New Hebrides Film Project: Tanna Island 1974,Transparencies,1970s,Oceania
edanmdm-siris_arc_399107,New Hebrides Film Project: Tanna Island 1974,Transparencies,1970s,Oceania
edanmdm-siris_arc_397048,New Hebrides Film Project: Tanna Island 1974,Transparencies,1970s,Oceania
edanmdm-siris_arc_397050,New Hebrides Film Project: Tanna Island 1974,Transparencies,1970s,Oceania
edanmdm-siris_arc_397056,New Hebrides Film Project: Tanna Island 1974,Transparencies,1970s,Oceania
edanmdm-siris_arc_396570,New Hebrides Film Project: Tanna Island 1974,Transparencies,1970s,Oceania
edanmdm-siris_arc_396431,New Hebrides Film Project: Tanna Island 1974,Transparencies,1970s,Oceania
edanmdm-siris_arc_399108,New Hebrides Film Project: Tanna Island 1974,Transparencies,1970s,Oceania
edanmdm-siris_arc_397049,New Hebrides Film Project: Tanna Island 1974,Transparencies,1970s,Oceania
edanmdm-siris_arc_397065,New Hebrides Film Project: Tanna Island 1974,Transparencies,1970s,Oceania
edanmdm-siris_arc_396068,New Hebrides Film Project: Tanna Island 1974,Transparencies,1970s,Oceania
edanmdm-siris_arc_399104,New Hebrides Film Project: Tanna Island 1974,Transparencies,1970s,Oceania
edanmdm-siris_arc_396655,New Hebrides Film Project: Tanna Island 1974,Transparencies,1970s,Oceania
edanmdm-siris_arc_399100,New Hebrides Film Project: Tanna Island 1974,Transparencies,1970s,Oceania
edanmdm-siris_arc_396651,New Hebrides Film Project: Tanna Island 1974,Transparencies,1970s,Oceania
edanmdm-siris_arc_397053,New Hebrides Film Project: Tanna Island 1974,Transparencies,1970s,Oceania
edanmdm-siris_arc_397064,New Hebrides Film Project: Tanna Island 1974,Transparencies,1970s,Oceania
edanmdm-siris_arc_396455,New Hebrides Film Project: Tanna Island 1974,Transparencies,1970s,Oceania
edanmdm-siris_arc_397046,New Hebrides Film Project: Tanna Island 1974,Transparencies,1970s,Oceania
edanmdm-siris_arc_397058,New Hebrides Film Project: Tanna Island 1974,Transparencies,1970s,Oceania
edanmdm-siris_arc_397063,New Hebrides Film Project: Tanna Island 1974,Transparencies,1970s,Oceania
edanmdm-siris_arc_396187,New Hebrides Film Project: Tanna Island 1974,Transparencies,1970s,Oceania
edanmdm-siris_arc_396427,New Hebrides Film Project: Tanna Island 1974,Transparencies,1970s,Oceania
edanmdm-siris_arc_397101,New Hebrides Film Project: Tanna Island 1974,Transparencies,1970s,Oceania
edanmdm-siris_arc_396650,New Hebrides Film Project: Tanna Island 1974,Transparencies,1970s,Oceania
edanmdm-siris_arc_397097,New Hebrides Film Project: Tanna Island 1974,Transparencies,1970s,Oceania
edanmdm-siris_arc_306251,"Red Man and the Red Cedar, part 1 1969",Motion Pictures,1960s,North America
edanmdm-siris_arc_387862,Woodland Indians of Early America 1958,Motion Pictures,1950s,North America
edanmdm-siris_arc_383274,"Website Records, 2015",Sound Recordings,2010s,Unknown+ETC
edanmdm-siris_arc_218468,Zingg's Huichol Footage 1933-1934,Motion Pictures,1930s,North America
edanmdm-siris_arc_307676,"Website Records, 2011",Sound Recordings,2010s,Unknown+ETC
edanmdm-siris_arc_387208,"Website Records, 2016",Sound Recordings,2010s,Unknown+ETC
edanmdm-siris_arc_393076,"Website Records, 2017",Sound Recordings,2010s,Unknown+ETC
edanmdm-siris_arc_368093,"Website Records, 2014",Sound Recordings,2010s,Unknown+ETC
edanmdm-siris_arc_381392,"Website Records, 2015",Sound Recordings,2010s,Unknown+ETC
edanmdm-siris_arc_366136,"Website Records, 2013",Sound Recordings,2010s,Unknown+ETC
edanmdm-siris_arc_208935,"Paul B. Travis papers, 1925-1989",Video Recordings,1920s,Unknown+ETC
edanmdm-siris_arc_216504,"John Francis Torreano papers, circa 1970-2004",Video Recordings,2000s,Unknown+ETC
edanmdm-siris_arc_381747,"Film and Videotapes, 1974, 1983, 1986",Videotapes,1980s,Unknown+ETC
edanmdm-siris_sil_947284,"From reliable sources the Archives of American Art director, Robert Pierce",Video Recordings,no date data,Unknown+ETC
edanmdm-siris_arc_216406,"Bernard A. Pfriem papers, 1932-1994",Video Recordings,1940s,Unknown+ETC
edanmdm-siris_arc_214753,"From reliable sources : [videorecording] : the Archives of American Art / director, Robert Pierce",Video Recordings,1980s,Unknown+ETC
edanmdm-siris_arc_255249,"Paul Suttman papers, 1947-1998",Video Recordings,1940s,Unknown+ETC
edanmdm-siris_arc_255043,"Video Recordings, circa 1971-1981",Video Recordings,1980s,Unknown+ETC
edanmdm-siris_arc_247073,"Productions, 1973, 1980, 1982, 1984",Video Recordings,1980s,Unknown+ETC
edanmdm-siris_arc_212468,"The total theater model of the project designed by architect Walter Gropius for Erwin Piscator, Berlin, Germany 1927, circa 1960",Video Recordings,1960s,Unknown+ETC
edanmdm-siris_arc_210250,"Esta Nesbitt papers, 1942-1981",Sound Recordings,1940s,Unknown+ETC
edanmdm-siris_arc_260929,"Films and Videotapes, 1971-1983 and undated",Videotapes,1980s,Unknown+ETC
edanmdm-siris_arc_380756,"Productions, c. 1985-1995",Audiotapes,1990s,Unknown+ETC
edanmdm-siris_arc_251985,"Records, 1987-1996",Video Recordings,1990s,Unknown+ETC
edanmdm-siris_arc_394803,Center for the Study of Man Conference,Photographs,1970s,Unknown+ETC
edanmdm-siris_arc_394804,Center for the Study of Man Conference,Photographs,1970s,Unknown+ETC
edanmdm-siris_arc_396220,Exterior View of Jean C. Schmidt Environmental Education Building at Chesapeake Bay Center for Environmental Studies,Photographs,1970s,Unknown+ETC
edanmdm-siris_arc_397977,Children Tour Chesapeake Bay Center for Environmental Studies (CBCES),Photographs,1970s,Unknown+ETC
edanmdm-siris_arc_246807,"Program Files, 1971-2006, undated",Video Recordings,2000s,Unknown+ETC
edanmdm-siris_arc_215774,"Jerome Caja papers, 1920-1995",Video Recordings,1920s,Unknown+ETC
edanmdm-siris_arc_251619,"Program Files, 1972-1995",Audiotapes,1990s,Unknown+ETC
edanmdm-siris_arc_395126,J. Kevin Sullivan Receives an Award,Photographs,1970s,Unknown+ETC
edanmdm-siris_arc_396111,Conference on Study of Human Populations,Photographs,1970s,Unknown+ETC
edanmdm-siris_arc_396197,Francis S.L. Williamson Awarded Secretary's Gold Medal,Photographs,1970s,Unknown+ETC
edanmdm-siris_arc_398054,National Associates' Selected Studies Program on Horticulture,Photographs,1970s,Unknown+ETC
edanmdm-siris_arc_247192,"Robert Sperry papers, 1951-2002",Video Recordings,2000s,Unknown+ETC
edanmdm-siris_arc_211607,"Skowhegan School of Painting and Sculpture records, 1945-2013",Sound Recordings,2010s,Unknown+ETC
edanmdm-siris_arc_363319,"Aleksandra Kasuba papers, c. 1900-2019, bulk 1960-2000",Video Recordings,1920s,Unknown+ETC
edanmdm-siris_arc_217064,"Videotapes, 1987",Videotapes,1980s,Unknown+ETC
edanmdm-siris_arc_210977,"Esther McCoy papers, 1876-1990, bulk, 1938-1989",Video Recordings,1920s,Unknown+ETC
edanmdm-siris_arc_212156,"Dwinell Grant papers, 1923-1988",Video Recordings,1920s,Unknown+ETC
edanmdm-siris_arc_370269,"Productions, 1982-2013",DVDs,2010s,Unknown+ETC
edanmdm-siris_arc_211563,"Charles H. Woodbury papers, 1866-1939",Video Recordings,1920s,North America
edanmdm-siris_arc_226089,"Sacha Kolin papers, ca. 1950-1980",Video Recordings,1960s,Unknown+ETC
edanmdm-siris_arc_387864,"Oral history interview with James Wentzy, 2017 January 23-March 31",Sound Recordings,2010s,Unknown+ETC
edanmdm-siris_arc_211147,"Oronzo Gasparo papers, 1909-1975",Video Recordings,1920s,Unknown+ETC
edanmdm-siris_arc_209491,"Jan Stussy papers, 1950-1985",Video Recordings,1920s,Unknown+ETC
edanmdm-siris_arc_217061,"Records, circa 1971-1984",Audiotapes,1980s,Unknown+ETC
edanmdm-siris_arc_211569,"Marguerite Wildenhain papers, 1930-1982",Video Recordings,1940s,Unknown+ETC
edanmdm-siris_arc_209591,"George Sugarman papers, 1912-2001",Video Recordings,1920s,Unknown+ETC
edanmdm-siris_arc_379872,"Productions, 1986-2013",DVDs,2010s,Unknown+ETC
edanmdm-siris_arc_210353,"Philip Pearlstein papers, circa 1940-2008",Video Recordings,1920s,Unknown+ETC
edanmdm-siris_arc_216374,"Maryette Charlton papers, circa 1890-2013",Video Recordings,1920s,Unknown+ETC
edanmdm-siris_arc_216458,"Oral history interview with Ruben Torres-Llorca, 1998 January 31",Sound Recordings,1920s,Unknown+ETC
edanmdm-siris_arc_212066,"Oral history interview with Joseph Warren McCullough, 1976 Mar. 9-10",Sound Recordings,1970s,Unknown+ETC
edanmdm-siris_arc_212231,"Oral history interview with Christo, 1973 August 28-30",Sound Recordings,1920s,Unknown+ETC
edanmdm-siris_arc_212050,"Oral history interview with Larry Rivers, 1968 November 2",Sound Recordings,1960s,Unknown+ETC
edanmdm-siris_arc_279482,"Colin de Land collection 1968-2008, bulk 1980-2003",Video Recordings,2000s,Unknown+ETC
edanmdm-siris_arc_380092,Written in Bone: Finding the Evidence,ETC,2000s,Unknown+ETC
edanmdm-siris_arc_380093,Written in Bone: Finding the Evidence,ETC,2000s,Unknown+ETC
edanmdm-siris_arc_249047,"Oral history interview with Graciela Sanchez, 2004 June 25-July 2",Sound Recordings,2000s,Unknown+ETC
edanmdm-siris_arc_212074,"Oral history interview with Robert Blackburn, 1970 December 4",Sound Recordings,1970s,Unknown+ETC
edanmdm-siris_arc_212021,"Oral history interview with Emlen Etting, 1988 Oct. 12",Sound Recordings,1980s,Unknown+ETC
edanmdm-siris_arc_212939,"Oral history interview with Roy Moyer, 1975 September 17-23",Sound Recordings,1920s,Europe
edanmdm-siris_arc_210783,"Katharine Lane Weems papers, 1865-1989",Video Recordings,1920s,North America
edanmdm-siris_arc_396578,"Unveiling of Model for ""The Federal City: Plans and Realities"" Exhibition at the Smithsonian Institution Building, or Castle",Photographs,1970s,North America
edanmdm-siris_arc_308476,"College student William Silverman (at right), standing with his former high school teacher, Creed F. Bates Jr., on the lawn of the Rhea County Courthouse, Dayton, Tennessee",Photographs,1920s,Unknown+ETC
edanmdm-siris_arc_250976,"Animal Research Records, 1972-1990",Audiotapes,1990s,Unknown+ETC
edanmdm-nmah_679378,Nuts and Bolts Soldier from Animated Film by George Pal,ETC,1940s,Unknown+ETC
edanmdm-siris_arc_380125,Written in Bone: Living and Dying in America,ETC,2000s,Unknown+ETC
edanmdm-siris_arc_211606,"Mitchell Siporin papers, 1913-1990",Video Recordings,1920s,Unknown+ETC
edanmdm-siris_arc_216529,"Letterio Calapai, master artist [videorecording] / North Shore Productions ; writer and editor, Deb Ellis ; executive producer, Neil P. Charak",Video Recordings,1920s,Unknown+ETC
edanmdm-siris_arc_379851,"Audiovisual Recordings, circa 1974-2007",DVDs,2000s,Unknown+ETC
edanmdm-siris_arc_390249,"Productions, 2008-2013",Sound Recordings,2010s,Unknown+ETC
edanmdm-siris_arc_281323,"Melbourne R. Carriker Papers, 1934-2007",Audiotapes,1950s,South America
edanmdm-siris_arc_242177,"Oral history interview with Ron Nagle, 2003 July 8-9",Sound Recordings,2000s,Unknown+ETC
edanmdm-siris_arc_260990,"Productions, 1990-1992, 1998",Audiotapes,1990s,Asia
edanmdm-siris_arc_228718,"Hildreth Meière papers, 1901-2011, bulk 1911-1960",Video Recordings,1920s,Europe
edanmdm-siris_arc_214368,"Jane Teller papers, 1911-1991",Video Recordings,1920s,Unknown+ETC
edanmdm-siris_arc_210490,"Rudolf Arnheim papers, 1919-1998",Sound Recordings,1920s,Unknown+ETC
edanmdm-siris_arc_386087,"Oral history interview with Frank Holliday, 2017 January 24-26",Sound Recordings,2010s,Unknown+ETC
edanmdm-siris_arc_296471,"Oral history interview with Peter Goulds, 2008 Mar.24-July 28",Sound Recordings,2000s,Unknown+ETC
edanmdm-siris_arc_211968,"Oral history interview with Sol LeWitt, 1974 July 15",Sound Recordings,1920s,Unknown+ETC
edanmdm-siris_arc_387760,"Oral history interview with Patrick Moore, 2017 April 15",Sound Recordings,2010s,Unknown+ETC
edanmdm-siris_arc_216021,"Oral history interview with Margret Craver Withers, 1983-1985",Sound Recordings,1980s,Unknown+ETC
edanmdm-siris_arc_396574,"Unveiling of Model for ""The Federal City: Plans and Realities"" Exhibition at the Smithsonian Institution Building, or Castle",Photographs,1970s,North America
edanmdm-siris_arc_389604,"Oral history interview with Rosalyn Drexler, 2017 May 17-June 2",Sound Recordings,2010s,Unknown+ETC
edanmdm-siris_arc_215688,"Abstract expressionist art movement in America video documentation project, 1991-1992",Video Recordings,1990s,Unknown+ETC
edanmdm-siris_arc_278850,"Thread Waxing Space records, 1980s-2001, bulk 1991-2001",Video Recordings,2000s,Unknown+ETC
edanmdm-siris_arc_282112,"Productions, 1985-1998",Video Recordings,1990s,Unknown+ETC
edanmdm-siris_arc_237703,"Oral history interview with Edgar Anderson, 2002 September 17-19",Sound Recordings,2000s,Unknown+ETC
edanmdm-siris_arc_256378,"Program Records, 1993-1997",Audiotapes,1990s,Unknown+ETC
edanmdm-siris_arc_282437,"Oral history interview with John Cederquist, 2009 April 14-15",Sound Recordings,2000s,Unknown+ETC
edanmdm-siris_arc_209064,"Ben Shahn papers, 1879-1990, bulk 1933-1970",Video Recordings,1920s,Unknown+ETC
edanmdm-siris_arc_211466,"Vaclav Vytlacil papers, 1885-1990",Sound Recordings,1920s,Unknown+ETC
edanmdm-siris_arc_282435,"Audrey Flack papers, 1950-2009",Video Recordings,2000s,Unknown+ETC
edanmdm-siris_arc_212530,"Oral history interview with Victoria Barr, 1977 January 11-February 18",Sound Recordings,1970s,Unknown+ETC
edanmdm-siris_arc_391020,"Oral history interview with Cheech Marin, 2017 October 16-17",Sound Recordings,2010s,Unknown+ETC
edanmdm-siris_arc_393832,"Oral history interview with Robert Morris, 2018 April 19-20",Sound Recordings,2010s,Unknown+ETC
edanmdm-siris_arc_227882,"Hans Hofmann papers, [circa 1904]-2011, bulk 1945-2000",Video Recordings,1920s,Unknown+ETC
edanmdm-siris_arc_278666,"Productions, 1984-1991, 1995-1998, 2003",Videotapes,1990s,Oceania
edanmdm-siris_arc_254936,"Oral history interview with Regina Vater, 2004 February 23-25",Sound Recordings,2000s,Unknown+ETC
edanmdm-siris_arc_282217,"Oral history interview with Robert Longo, 2009 January 30-31",Sound Recordings,2000s,Europe
edanmdm-siris_arc_292731,"Jacques Lipchitz papers and Bruce Bassett papers relating to Jacques Lipchitz, circa 1910-2001, bulk 1941-2001",Video Recordings,1920s,Unknown+ETC
edanmdm-siris_arc_362118,"Oral history interview with Barbara Bloom, 2012 October 18-2013 January 31",Sound Recordings,2010s,Europe
edanmdm-siris_arc_209173,"Morris Louis and Morris Louis Estate papers, circa 1910s-2007, bulk 1965-2000",Video Recordings,1920s,Unknown+ETC
edanmdm-siris_arc_212717,"Oral history interview with Al Hansen, 1973 November 6-13",Sound Recordings,1970s,Unknown+ETC
edanmdm-siris_arc_370420,"Oral history interview with Allan Sekula, 2011 August 20-2012 February 14",Sound Recordings,1920s,Unknown+ETC
edanmdm-siris_arc_283555,"Oral history interview with William Morris, 2009 July 13-14",Sound Recordings,2000s,Europe
edanmdm-siris_arc_217733,"Tropical Rainforest Exhibit Oral History Collection 1992, 1994",Audiotapes,1990s,Unknown+ETC
edanmdm-siris_arc_248017,"Oral history interview with Jesse Amado, 2004 May 31-June 7",Sound Recordings,2000s,Unknown+ETC
edanmdm-siris_arc_370445,"Cosmos Andrew Sarchiapone papers, circa 1860-2011, bulk 1940-2011",Video Recordings,1920s,North America
edanmdm-nmah_1296376,Photographic History Collection,Photographs,no date data,Unknown+ETC
edanmdm-siris_arc_213367,"Emmet family papers, 1792-1989, bulk, 1851-1989",Video Recordings,1800s,Unknown+ETC
edanmdm-siris_arc_210466,"Walter and Ise Gropius papers, 1883-1981",Sound Recordings,1920s,Unknown+ETC
edanmdm-siris_arc_217722,The History of the Cell Sorter Videohistory Collection 1991,Videotapes,1990s,Unknown+ETC
edanmdm-siris_arc_214742,"Gregory Battcock papers, 1952-circa 1980",Video Recordings,1920s,Unknown+ETC
edanmdm-siris_arc_221206,"Downtown Gallery records, 1824-1974, bulk 1926-1969",Video Recordings,1920s,Unknown+ETC
edanmdm-siris_arc_217388,"Waldo LaSalle Schmitt Papers, 1907-1978",Audiotapes,1920s,Unknown+ETC