id,title,primarycontents,secondarycontents,date,place
edanmdm-siris_arc_399090,This Was the Time 1970,Archival materials,Motion pictures (visual works),1970s,North America
edanmdm-siris_arc_398683,Indian America 1975,Archival materials,Motion pictures (visual works),1970s,North America
edanmdm-siris_arc_398681,Kainai 1973,Archival materials,Motion pictures (visual works),1970s,North America
edanmdm-siris_arc_399091,Greenlanders 1973,Archival materials,Motion pictures (visual works),1970s,Europe
edanmdm-siris_arc_398761,The Hopi Way 1972,Archival materials,Motion pictures (visual works),1970s,North America
edanmdm-siris_arc_398713,Totems 1962,Archival materials,Motion pictures (visual works),1960s,North America
edanmdm-siris_arc_398727,Native American Myths 1976,Archival materials,Motion pictures (visual works),1970s,North America
edanmdm-siris_arc_398758,Myths and the Moundbuilder 1981,Archival materials,Motion pictures (visual works),1980s,North America
edanmdm-siris_arc_398722,Shelly Whitebird's First Powwow 1977,Archival materials,Motion pictures (visual works),1970s,North America
edanmdm-siris_arc_398724,Our Native American Friends 1970,Archival materials,Motion pictures (visual works),1970s,North America
edanmdm-siris_arc_398712,Colors of Pride 1973,Archival materials,Motion pictures (visual works),1970s,North America
edanmdm-siris_arc_399073,Fox and Bear 1980,Archival materials,Motion pictures (visual works),1980s,North America
edanmdm-siris_arc_399075,Quingalik and the Sea 1976,Archival materials,Motion pictures (visual works),1970s,North America
edanmdm-siris_arc_398703,Our Totem is the Raven 1971,Archival materials,Motion pictures (visual works),1970s,North America
edanmdm-siris_arc_399085,Haa Shagoon 1983,Archival materials,Motion pictures (visual works),1980s,North America
edanmdm-siris_arc_399076,The Hungry Walrus ca. 1970s,Archival materials,Motion pictures (visual works),1970s,North America
edanmdm-siris_arc_398678,Tahonka 1961,Archival materials,Motion pictures (visual works),1890s,North America
edanmdm-siris_arc_399081,The Apache Indians ca. 1970s,Archival materials,Motion pictures (visual works),1970s,North America
edanmdm-siris_arc_398704,Minority Youth: Adam 1971,Archival materials,Motion pictures (visual works),1970s,North America
edanmdm-siris_arc_398684,Those Who Sing Together 1977,Archival materials,Motion pictures (visual works),1970s,North America
edanmdm-siris_arc_398690,Noah 1973,Archival materials,Motion pictures (visual works),1970s, North America
edanmdm-siris_arc_399082,The Legend of the Magic Knives 1971,Archival materials,Motion pictures (visual works),1970s, North America
edanmdm-siris_arc_398764,Tuktu and His Eskimo Dogs 1969,Archival materials,Motion pictures (visual works),1960s,North America
edanmdm-siris_arc_385047,"Lament of the Reservation, part III 1970",Archival materials,Motion pictures (visual works),1970s,North America
edanmdm-siris_arc_399068,Tuktu and the Snow Palace 1967,Archival materials,Motion pictures (visual works),1960s,North America
edanmdm-siris_arc_399062,Tuktu and the Big Seal 1967,Archival materials,Motion pictures (visual works),1960s,North America
edanmdm-siris_arc_398763,Tuktu and His Animal Friends 1969,Archival materials,Motion pictures (visual works),1960s,North America
edanmdm-siris_arc_398720,People of the Buffalo 1968,Archival materials,Motion pictures (visual works),1960s,North America
edanmdm-siris_arc_399069,Tuktu and the Ten Thousand Fishes 1967,Archival materials,Motion pictures (visual works),1960s,North America
edanmdm-siris_arc_399070,Tuktu and the Trials of Strength 1967,Archival materials,Motion pictures (visual works),1960s,North America
edanmdm-siris_arc_399060,Tuktu and His Nice New Clothes 1968,Archival materials,Motion pictures (visual works),1960s,North America
edanmdm-siris_arc_399067,Tuktu and the Magic Spear 1967,Archival materials,Motion pictures (visual works),1960s,North America
edanmdm-siris_arc_399061,Tuktu and the Big Kayak 1969,Archival materials,Motion pictures (visual works),1960s,North America
edanmdm-siris_arc_399065,Tuktu and the Indoor Games 1967,Archival materials,Motion pictures (visual works),1960s,North America
edanmdm-siris_arc_399063,Tuktu and the Caribou Hunt 1967,Archival materials,Motion pictures (visual works),1960s,North America
edanmdm-siris_arc_399064,Tuktu and the Clever Hands 1968,Archival materials,Motion pictures (visual works),1960s,North America
edanmdm-siris_arc_399066,Tuktu and the Magic Bow 1968,Archival materials,Motion pictures (visual works),1960s,North America
edanmdm-siris_arc_399096,I Heard the Owl Call My Name 1974,Archival materials,Motion pictures (visual works),1970s,North America
edanmdm-siris_arc_399089,The Longhouse People 1951,Archival materials,Motion pictures (visual works),1950s,North America
edanmdm-siris_arc_399092,Other Side of the Ledger: An Indian View of the Hudson's Bay Company 1972,Archival materials,Motion pictures (visual works),1970s,North America
edanmdm-siris_arc_218549,Hula Pahu from the Mader Collection ca. 1935,Archival materials,Collection descriptions,1930s,Oceania
edanmdm-siris_arc_398696,Red Sunday 1975,Archival materials,Motion pictures (visual works),1970s,North America
edanmdm-siris_arc_395098,New Hebrides Film Project: Tanna Island 1974,Archival materials,Transparencies,1970s,Oceania
edanmdm-siris_arc_396061,New Hebrides Film Project: Tanna Island 1974,Archival materials,Transparencies,1970s,Oceania
edanmdm-siris_arc_398708,How to Build an Igloo 1949,Archival materials,Motion pictures (visual works),1940s,North America
edanmdm-siris_arc_398707,End of the Trail: The American Plains Indian 1967,Archival materials,Motion pictures (visual works),1960s,North America
edanmdm-siris_arc_398697,subsistence: an Alaskan Lifestyle ca. 1970s,Archival materials,Motion pictures (visual works),1970s,North America
edanmdm-siris_arc_398725,Indian Family of Long Ago: Buffalo Hunters of the Plains 1957,Archival materials,Motion pictures (visual works),1950s,North America
edanmdm-siris_arc_398705,Circle of the Sun 1960,Archival materials,Motion pictures (visual works),1960s,North America
edanmdm-siris_arc_398759,"Medoonak, the Stormmaker 1975",Archival materials,Motion pictures (visual works),1970s,North America
edanmdm-siris_arc_279753,Rope to Our Roots 1981,Archival materials,Photographs,no date data,North America
edanmdm-siris_arc_398695,Charlie Squash Goes to Town 1969,Archival materials,Motion pictures (visual works),1960s,North America
edanmdm-siris_arc_399097,Broken Arrow 1950,Archival materials,Motion pictures (visual works),1950s,North America
edanmdm-siris_arc_399093,Pictures Out of My Life 1973,Archival materials,Motion pictures (visual works),1970s,North America
edanmdm-siris_arc_398680,Cesar's Bark Canoe 1971,Archival materials,Motion pictures (visual works),1970s,North America
edanmdm-siris_arc_398692,Maria of the Pueblos 1971,Archival materials,Motion pictures (visual works),1970s,North America
edanmdm-siris_arc_398682,The Smile of the Walrus 1973,Archival materials,Motion pictures (visual works),1970s,North America
edanmdm-siris_arc_399095,Our Land is Our Life 1974,Archival materials,Motion pictures (visual works),1970s,North America
edanmdm-siris_arc_396064,New Hebrides Film Project: Tanna Island 1974,Archival materials,Transparencies,1970s,Oceania
edanmdm-siris_arc_396060,New Hebrides Film Project: Tanna Island 1974,Archival materials,Transparencies,1970s,Oceania
edanmdm-siris_arc_396062,New Hebrides Film Project: Tanna Island 1974,Archival materials,Transparencies,1970s,Oceania
edanmdm-siris_arc_395099,New Hebrides Film Project: Tanna Island 1974,Archival materials,Transparencies,1970s,Oceania
edanmdm-siris_arc_395097,New Hebrides Film Project: Tanna Island 1974,Archival materials,Transparencies,1970s,Oceania
edanmdm-siris_arc_395096,New Hebrides Film Project: Tanna Island 1974,Archival materials,Transparencies,1970s,Oceania
edanmdm-siris_arc_396059,New Hebrides Film Project: Tanna Island 1974,Archival materials,Transparencies,1970s,Oceania
edanmdm-siris_arc_396063,New Hebrides Film Project: Tanna Island 1974,Archival materials,Transparencies,1970s,Oceania
edanmdm-siris_arc_395100,New Hebrides Film Project: Tanna Island 1974,Archival materials,Transparencies,1970s,Oceania
edanmdm-siris_arc_398717,Chain of Life: the Aleutian Islands 1977,Archival materials,Motion pictures (visual works),1970s,North America
edanmdm-siris_arc_398760,Children of the Long Beaked Bird 1976,Archival materials,Motion pictures (visual works),1970s,North America
edanmdm-siris_arc_398723,Catlin and the Indians 1967,Archival materials,Motion pictures (visual works),1960s,North America
edanmdm-siris_arc_398706,Caribou: The Endless Journey 1971,Archival materials,Motion pictures (visual works),1970s,North America
edanmdm-siris_arc_398721,The Journals of Lewis and Clark 1965,Archival materials,Motion pictures (visual works),1960s,North America
edanmdm-siris_arc_398716,Subsistence: a Way of Life is Dying 1977,Archival materials,Motion pictures (visual works),1970s,North America
edanmdm-siris_arc_399071,Where the River enters the Sea ca. 1971,Archival materials,Motion pictures (visual works),1970s,North America
edanmdm-siris_arc_398689,Do We Want Us To 1978,Archival materials,Motion pictures (visual works),1970s,North America
edanmdm-siris_arc_398718,The Sea is Our Life 1979,Archival materials,Motion pictures (visual works),1970s,North America
edanmdm-siris_arc_398719,The North American Indian: Part 1: Treaties Made and Broken ca. 1970s,Archival materials,Motion pictures (visual works),1970s,North America
edanmdm-siris_arc_398694,The Eagle and the Moon 1971,Archival materials,Motion pictures (visual works),1970s,North America
edanmdm-siris_arc_398699,The Crooked Beak of Heaven 1975,Archival materials,Motion pictures (visual works),1970s,North America
edanmdm-siris_arc_398709,Legend of the Boy and the Eagle 1967,Archival materials,Motion pictures (visual works),1960s,North America
edanmdm-siris_arc_398701,Polar Regions: Hunters and Herders 1971,Archival materials,Motion pictures (visual works),1970s,Arctic Ocean
edanmdm-siris_arc_398702,Eskimos: a Changing Culture 1972,Archival materials,Motion pictures (visual works),1970s,North America
edanmdm-siris_arc_398710,The Navajos: Children of the Gods 1967,Archival materials,Motion pictures (visual works),1960s,North America
edanmdm-siris_arc_398700,The Treasure: Indian Heritage ca. 1970s,Archival materials,Motion pictures (visual works),1970s,North America
edanmdm-siris_arc_398715,"Indians of California, Part 2: Food 1964",Archival materials,Motion pictures (visual works),1960s,North America
edanmdm-siris_arc_398691,The Emerging Eskimo 1972,Archival materials,Motion pictures (visual works),1970s,North America
edanmdm-siris_arc_398685,The North American Indian Part II: How the West was Won and Honor Lost 1971,Archival materials,Motion pictures (visual works),1970s,North America
edanmdm-siris_arc_398686,Two Indians: Red Reflections of LIfe 1973,Archival materials,Motion pictures (visual works),1970s,North America
edanmdm-siris_arc_398757,Ropes to Our Roots 1973,Archival materials,Motion pictures (visual works),1970s,North America
edanmdm-siris_arc_398714,Discovering American Idnian Music 1971,Archival materials,Music,1970s,North America
edanmdm-siris_arc_398726,Indians of Early America 1957,Archival materials,Motion pictures (visual works),1950s,North America
edanmdm-siris_arc_399083,Ceremonial Pipes 1955,Archival materials,Motion pictures (visual works),1950s,North America
edanmdm-siris_arc_280664,"Central Europe, Tyrol -- Processing Flax: Spinning 1964",Archival materials,Photographs,1960s,Europe
edanmdm-siris_arc_397098,New Hebrides Film Project: Tanna Island 1974,Archival materials,Transparencies,1970s,Oceania
edanmdm-siris_arc_218584,Ishi in Two Worlds 1967,Archival materials,Photographs,1960s,North America
edanmdm-siris_arc_396188,New Hebrides Film Project: Tanna Island 1974,Archival materials,Transparencies,1970s,Oceania
edanmdm-siris_arc_397067,New Hebrides Film Project: Tanna Island 1974,Archival materials,Transparencies,1970s,Oceania
edanmdm-siris_arc_397071,New Hebrides Film Project: Tanna Island 1974,Archival materials,Transparencies,1970s,Oceania
edanmdm-siris_arc_397074,New Hebrides Film Project: Tanna Island 1974,Archival materials,Transparencies,1970s,Oceania
edanmdm-siris_arc_397099,New Hebrides Film Project: Tanna Island 1974,Archival materials,Transparencies,1970s,Oceania
edanmdm-siris_arc_396451,New Hebrides Film Project: Tanna Island 1974,Archival materials,Transparencies,1970s,Oceania
edanmdm-siris_arc_396067,New Hebrides Film Project: Tanna Island 1974,Archival materials,Transparencies,1970s,Oceania
edanmdm-siris_arc_397055,New Hebrides Film Project: Tanna Island 1974,Archival materials,Transparencies,1970s,Oceania
edanmdm-siris_arc_397073,New Hebrides Film Project: Tanna Island 1974,Archival materials,Transparencies,1970s,Oceania
edanmdm-siris_arc_396567,New Hebrides Film Project: Tanna Island 1974,Archival materials,Transparencies,1970s,Oceania
edanmdm-siris_arc_396450,New Hebrides Film Project: Tanna Island 1974,Archival materials,Transparencies,1970s,Oceania
edanmdm-siris_arc_397062,New Hebrides Film Project: Tanna Island 1974,Archival materials,Transparencies,1970s,Oceania
edanmdm-siris_arc_397066,New Hebrides Film Project: Tanna Island 1974,Archival materials,Transparencies,1970s,Oceania
edanmdm-siris_arc_396565,New Hebrides Film Project: Tanna Island 1974,Archival materials,Transparencies,1970s,Oceania
edanmdm-siris_arc_396453,New Hebrides Film Project: Tanna Island 1974,Archival materials,Transparencies,1970s,Oceania
edanmdm-siris_arc_396425,New Hebrides Film Project: Tanna Island 1974,Archival materials,Transparencies,1970s,Oceania
edanmdm-siris_arc_396189,New Hebrides Film Project: Tanna Island 1974,Archival materials,Transparencies,1970s,Oceania
edanmdm-siris_arc_397047,New Hebrides Film Project: Tanna Island 1974,Archival materials,Transparencies,1970s,Oceania
edanmdm-siris_arc_397057,New Hebrides Film Project: Tanna Island 1974,Archival materials,Transparencies,1970s,Oceania
edanmdm-siris_arc_396190,New Hebrides Film Project: Tanna Island 1974,Archival materials,Transparencies,1970s,Oceania
edanmdm-siris_arc_397068,New Hebrides Film Project: Tanna Island 1974,Archival materials,Transparencies,1970s,Oceania
edanmdm-siris_arc_396563,New Hebrides Film Project: Tanna Island 1974,Archival materials,Transparencies,1970s,Oceania
edanmdm-siris_arc_396452,New Hebrides Film Project: Tanna Island 1974,Archival materials,Transparencies,1970s,Oceania
edanmdm-siris_arc_396426,New Hebrides Film Project: Tanna Island 1974,Archival materials,Transparencies,1970s,Oceania
edanmdm-siris_arc_396065,New Hebrides Film Project: Tanna Island 1974,Archival materials,Transparencies,1970s,Oceania
edanmdm-siris_arc_399106,New Hebrides Film Project: Tanna Island 1974,Archival materials,Transparencies,1970s,Oceania
edanmdm-siris_arc_396428,New Hebrides Film Project: Tanna Island 1974,Archival materials,Transparencies,1970s,Oceania
edanmdm-siris_arc_396652,New Hebrides Film Project: Tanna Island 1974,Archival materials,Transparencies,1970s,Oceania
edanmdm-siris_arc_396653,New Hebrides Film Project: Tanna Island 1974,Archival materials,Transparencies,1970s,Oceania
edanmdm-siris_arc_397102,New Hebrides Film Project: Tanna Island 1974,Archival materials,Transparencies,1970s,Oceania
edanmdm-siris_arc_396568,New Hebrides Film Project: Tanna Island 1974,Archival materials,Transparencies,1970s,Oceania
edanmdm-siris_arc_399101,New Hebrides Film Project: Tanna Island 1974,Archival materials,Transparencies,1970s,Oceania
edanmdm-siris_arc_396569,New Hebrides Film Project: Tanna Island 1974,Archival materials,Transparencies,1970s,Oceania
edanmdm-siris_arc_396564,New Hebrides Film Project: Tanna Island 1974,Archival materials,Transparencies,1970s,Oceania
edanmdm-siris_arc_396454,New Hebrides Film Project: Tanna Island 1974,Archival materials,Transparencies,1970s,Oceania
edanmdm-siris_arc_397052,New Hebrides Film Project: Tanna Island 1974,Archival materials,Transparencies,1970s,Oceania
edanmdm-siris_arc_396566,New Hebrides Film Project: Tanna Island 1974,Archival materials,Transparencies,1970s,Oceania
edanmdm-siris_arc_396562,New Hebrides Film Project: Tanna Island 1974,Archival materials,Transparencies,1970s,Oceania
edanmdm-siris_arc_396186,New Hebrides Film Project: Tanna Island 1974,Archival materials,Transparencies,1970s,Oceania
edanmdm-siris_arc_399103,New Hebrides Film Project: Tanna Island 1974,Archival materials,Transparencies,1970s,Oceania
edanmdm-siris_arc_396649,New Hebrides Film Project: Tanna Island 1974,Archival materials,Transparencies,1970s,Oceania
edanmdm-siris_arc_396456,New Hebrides Film Project: Tanna Island 1974,Archival materials,Transparencies,1970s,Oceania
edanmdm-siris_arc_396066,New Hebrides Film Project: Tanna Island 1974,Archival materials,Transparencies,1970s,Oceania
edanmdm-siris_arc_396654,New Hebrides Film Project: Tanna Island 1974,Archival materials,Transparencies,1970s,Oceania
edanmdm-siris_arc_397051,New Hebrides Film Project: Tanna Island 1974,Archival materials,Transparencies,1970s,Oceania
edanmdm-siris_arc_397069,New Hebrides Film Project: Tanna Island 1974,Archival materials,Transparencies,1970s,Oceania
edanmdm-siris_arc_397070,New Hebrides Film Project: Tanna Island 1974,Archival materials,Transparencies,1970s,Oceania
edanmdm-siris_arc_397100,New Hebrides Film Project: Tanna Island 1974,Archival materials,Transparencies,1970s,Oceania
edanmdm-siris_arc_399102,New Hebrides Film Project: Tanna Island 1974,Archival materials,Transparencies,1970s,Oceania
edanmdm-siris_arc_399105,New Hebrides Film Project: Tanna Island 1974,Archival materials,Transparencies,1970s,Oceania
edanmdm-siris_arc_399107,New Hebrides Film Project: Tanna Island 1974,Archival materials,Transparencies,1970s,Oceania
edanmdm-siris_arc_397048,New Hebrides Film Project: Tanna Island 1974,Archival materials,Transparencies,1970s,Oceania
edanmdm-siris_arc_397050,New Hebrides Film Project: Tanna Island 1974,Archival materials,Transparencies,1970s,Oceania
edanmdm-siris_arc_397056,New Hebrides Film Project: Tanna Island 1974,Archival materials,Transparencies,1970s,Oceania
edanmdm-siris_arc_396570,New Hebrides Film Project: Tanna Island 1974,Archival materials,Transparencies,1970s,Oceania
edanmdm-siris_arc_396431,New Hebrides Film Project: Tanna Island 1974,Archival materials,Transparencies,1970s,Oceania
edanmdm-siris_arc_399108,New Hebrides Film Project: Tanna Island 1974,Archival materials,Transparencies,1970s,Oceania
edanmdm-siris_arc_397049,New Hebrides Film Project: Tanna Island 1974,Archival materials,Transparencies,1970s,Oceania
edanmdm-siris_arc_397065,New Hebrides Film Project: Tanna Island 1974,Archival materials,Transparencies,1970s,Oceania
edanmdm-siris_arc_396068,New Hebrides Film Project: Tanna Island 1974,Archival materials,Transparencies,1970s,Oceania
edanmdm-siris_arc_399104,New Hebrides Film Project: Tanna Island 1974,Archival materials,Transparencies,1970s,Oceania
edanmdm-siris_arc_396655,New Hebrides Film Project: Tanna Island 1974,Archival materials,Transparencies,1970s,Oceania
edanmdm-siris_arc_399100,New Hebrides Film Project: Tanna Island 1974,Archival materials,Transparencies,1970s,Oceania
edanmdm-siris_arc_396651,New Hebrides Film Project: Tanna Island 1974,Archival materials,Transparencies,1970s,Oceania
edanmdm-siris_arc_397053,New Hebrides Film Project: Tanna Island 1974,Archival materials,Transparencies,1970s,Oceania
edanmdm-siris_arc_397064,New Hebrides Film Project: Tanna Island 1974,Archival materials,Transparencies,1970s,Oceania
edanmdm-siris_arc_396455,New Hebrides Film Project: Tanna Island 1974,Archival materials,Transparencies,1970s,Oceania
edanmdm-siris_arc_397046,New Hebrides Film Project: Tanna Island 1974,Archival materials,Transparencies,1970s,Oceania
edanmdm-siris_arc_397058,New Hebrides Film Project: Tanna Island 1974,Archival materials,Transparencies,1970s,Oceania
edanmdm-siris_arc_397063,New Hebrides Film Project: Tanna Island 1974,Archival materials,Transparencies,1970s,Oceania
edanmdm-siris_arc_396187,New Hebrides Film Project: Tanna Island 1974,Archival materials,Transparencies,1970s,Oceania
edanmdm-siris_arc_396427,New Hebrides Film Project: Tanna Island 1974,Archival materials,Transparencies,1970s,Oceania
edanmdm-siris_arc_397101,New Hebrides Film Project: Tanna Island 1974,Archival materials,Transparencies,1970s, Oceania
edanmdm-siris_arc_396650,New Hebrides Film Project: Tanna Island 1974,Archival materials,Transparencies,1970s,Oceania
edanmdm-siris_arc_397097,New Hebrides Film Project: Tanna Island 1974,Archival materials,Transparencies,1970s, Oceania
edanmdm-siris_arc_306251,"Red Man and the Red Cedar, part 1 1969",Archival materials,Motion pictures (visual works),1960s,North America
edanmdm-siris_arc_387862,Woodland Indians of Early America 1958,Archival materials,Motion pictures (visual works),1950s,North America
edanmdm-siris_arc_383274,"Website Records, 2015",Archival materials,Records (documents),2010s,no place data
edanmdm-siris_arc_218468,Zingg's Huichol Footage 1933-1934,Archival materials,Motion pictures (visual works),1930s,North America
edanmdm-siris_arc_218754,Huichol Film Project 1973,Archival materials,Collection descriptions,1970s,North America
edanmdm-siris_arc_363918,Hal and Halla Linker Film and Video Collection ca. 1955-1985,Archival materials,Travelogs,1960s,North America
edanmdm-siris_arc_307676,"Website Records, 2011",Archival materials,Records (documents),2010s,no place data
edanmdm-siris_arc_387208,"Website Records, 2016",Archival materials,Records (documents),2010s,no place data
edanmdm-siris_arc_393076,"Website Records, 2017",Archival materials,Records (documents),2010s,no place data
edanmdm-siris_arc_368093,"Website Records, 2014",Archival materials,Records (documents),2010s,no place data
edanmdm-siris_arc_381392,"Website Records, 2015",Archival materials,Records (documents),2010s,no place data
edanmdm-nmnhanthropology_11623240,String Of Beads / Necklace,Necklaces,no data,2000s,Asia
edanmdm-nmnhanthropology_11623251,Headdress,Headdresses,no data,2000s,Asia
edanmdm-nmnhanthropology_11623491,Hookah Part,Water pipes,no data,2000s,Asia
edanmdm-nmnhanthropology_11623493,Hookah Part,Water pipes,no data,2000s,Asia
edanmdm-nmnhanthropology_11623481,Hookah Part,Water pipes,no data,2000s,Asia
edanmdm-nmnhanthropology_11623487,Hookah Part,Water pipes,no data,2000s,Asia
edanmdm-nmnhanthropology_11623489,Hookah Part,Water pipes,no data,2000s,Asia
edanmdm-nmnhanthropology_11623495,Hookah Part,Water pipes,no data,2000s,Asia
edanmdm-nmnhanthropology_11623497,Hookah Part,Water pipes,no data,2000s,Asia
edanmdm-nmnhanthropology_11623499,Hookah Part,Water pipes,no data,2000s,Asia
edanmdm-nmnhanthropology_11623511,Hookah Pipe Stem,Water pipes,no data,2000s,Asia
edanmdm-nmnhanthropology_11623515,Hookah Pipe Stem,Water pipes,no data,2000s,Asia
edanmdm-nmnhanthropology_11623243,String Of Beads,Necklaces,no data,2000s,Asia
edanmdm-nmnhanthropology_11623485,Hookah Part,Water pipes,no data,2000s,Asia
edanmdm-nmnhanthropology_11623501,Hookah Part,Water pipes,no data,2000s,Asia
edanmdm-nmnhanthropology_11623517,Hookah Pipe,Water pipes,no data,2000s,Asia
edanmdm-nmnhanthropology_11623519,Hookah Pipe,Water pipes,no data,2000s,Asia
edanmdm-nmnhanthropology_11623263,Leather And Cowrie Amulet,Amulets,no data,2000s,Asia
edanmdm-nmnhanthropology_11623483,Hookah Part,Water pipes,no data,2000s,Asia
edanmdm-nmnhanthropology_11623503,Feather (Pheasant?) Artifacts,Ceremonial objects,no data,2000s,Asia
edanmdm-nmnhanthropology_11623513,Hookah Pipe Stem,Water pipes,no data,2000s,Asia
edanmdm-nmnhanthropology_11623477,Hookah Part,Water pipes,no data,2000s,Asia
edanmdm-nmnhanthropology_11623461,Carved Wooden Stick,Ceremonial objects,no data,2000s, Asia
edanmdm-nmnhanthropology_11623463,Carved Wooden Stick,Ceremonial objects,no data,2000s, Asia
edanmdm-nmnhanthropology_11623344,Tumpline,Tumplines,no data,2000s,Asia
edanmdm-nmnhanthropology_11623346,Tumpline,Tumplines,no data,2000s,Asia
edanmdm-nmnhanthropology_8401602,1 Pair Brass Earrings,Earrings,no data,1920s,Asia
edanmdm-nmnhanthropology_11623238,Burden Strap,Tumplines,no data,2000s,Asia
edanmdm-nmnhanthropology_11623443,Wooden Writing Slate,Writing boards (tablets),no data,2000s,Asia
edanmdm-siris_arc_366136,"Website Records, 2013",Archival materials,Records (documents),2010s,no place data
edanmdm-nmnhanthropology_11623372,Kukuri (3 Knives In 1 Holster),Knife / Knife Sheath,no data,2000s,Asia
edanmdm-nmnhanthropology_11623505,Birds,Ceremonial objects,no data,2000s,Asia
edanmdm-nmnhanthropology_11623471,Hookah Part,Water pipes,no data,2000s,Asia
edanmdm-nmnhanthropology_11623254,Flying Squirrel Skin With Twine,Ceremonial objects,no data,2000s,Asia
edanmdm-nmnhanthropology_11623269,Leather Belt With Ornaments,Belts (costume accessories),no data,2000s,Asia
edanmdm-nmnhanthropology_11623475,Hookah Part,Water pipes,no data,2000s,Asia
edanmdm-nmnhanthropology_11623230,Drum,Drums (membranophones),no data,2000s,Asia
edanmdm-nmnhanthropology_11623479,Hookah Part,Water pipes,no data,2000s,Asia
edanmdm-nmnhanthropology_11623473,Hookah Part,Water pipes,no data,2000s,Asia
edanmdm-nmnhanthropology_11623465,Carved Wooden Stick,Ceremonial objects,no data,2000s, Asia
edanmdm-nmnhanthropology_11623467,Carved Wooden Stick,Ceremonial objects,no data,2000s, Asia
edanmdm-nmnhanthropology_11623271,Arm Guard,Bracers,no data,2000s, Asia
edanmdm-nmnhanthropology_11623228,Drum,Drums (membranophones),no data,2000s,Asia
edanmdm-nmnhanthropology_10805816,"Rada Drum, ""Boula"", for Vodou ceremonies",Drums (membranophones),no data,1920s,no place data
edanmdm-nmnhanthropology_10805819,"Rada Drum, ""Segon"", for Vodou ceremonies",Drums (membranophones),no data,1920s,no place data
edanmdm-nmnhanthropology_10805821,"Rada Drum, ""Manman"", for Vodou ceremonies",Drums (membranophones),no data,1920s,no place data
edanmdm-siris_arc_303182,"Marvin Harris papers, 1947-2001",Archival materials,Collection descriptions,1940s,South America
edanmdm-siris_arc_287056,"Grover S. Krantz papers, 1904-2001, bulk 1955-2001",Legal documents,Programs (documents),1920s,Asia
edanmdm-siris_arc_208935,"Paul B. Travis papers, 1925-1989",Video recordings,Archival materials,1920s,no place data
edanmdm-siris_arc_87772,Center for the Study of Man Records 1966-1982 (a few earlier),Archival materials,Collection descriptions,1960s,no place data
edanmdm-siris_arc_87846,Matthew Williams Stirling Papers,Archival materials,Collection descriptions,no date data,North America
edanmdm-siris_arc_216635,"Records and Manuscripts, 1897-1990, with related materials dating from circa 1828",Archival materials,Maps,1920s,no place data
edanmdm-siris_arc_87767,"William Duncan Strong papers, 1902-1965",Clippings (information artifacts),Archival materials,1920s,North America
edanmdm-siris_arc_216504,"John Francis Torreano papers, circa 1970-2004",Video recordings,Archival materials,2000s,no place data
edanmdm-siris_arc_381747,"Film and Videotapes, 1974, 1983, 1986",Archival materials,Videotapes,1980s,no place data
edanmdm-siris_arc_215592,"For the record [motion picture] / presenter, Archives of American Art ; director, James Slayden; narrator, Brian O'Doherty",Archival materials,Collection descriptions,1960s,no place data
edanmdm-siris_arc_212274,"John Neagle papers, 1817-1865",Archival materials,Collection descriptions,1810s,no place data
edanmdm-siris_sil_947284,"From reliable sources the Archives of American Art director, Robert Pierce",Video recordings,Documentaries,no date data,no place data
edanmdm-siris_arc_216406,"Bernard A. Pfriem papers, 1932-1994",Video recordings,Archival materials,1940s,no place data
edanmdm-siris_arc_210431,"Sound track narration for Museum without walls: Cubism, [ca. 1971]",Archival materials,Collection descriptions,1970s,no place data
edanmdm-siris_arc_214753,"From reliable sources : [videorecording] : the Archives of American Art / director, Robert Pierce",Video recordings,Archival materials,1980s,no place data
edanmdm-siris_arc_255249,"Paul Suttman papers, 1947-1998",Video recordings,Archival materials,1940s,no place data
edanmdm-siris_arc_255043,"Video Recordings, circa 1971-1981",Video recordings,Archival materials,1980s,no place data
edanmdm-siris_arc_247073,"Productions, 1973, 1980, 1982, 1984",Video recordings,Archival materials,1980s,no place data
edanmdm-siris_arc_212468,"The total theater model of the project designed by architect Walter Gropius for Erwin Piscator, Berlin, Germany 1927, circa 1960",Video recordings,Archival materials,1960s,no place data
edanmdm-siris_arc_210250,"Esta Nesbitt papers, 1942-1981",Archival materials,Sound recordings,1940s,no place data
edanmdm-siris_arc_260929,"Films and Videotapes, 1971-1983 and undated",Archival materials,Videotapes,1980s,no place data
edanmdm-siris_arc_209547,"James Edward Davis papers, 1917-1969",Archival materials,Collection descriptions,1920s,no place data
edanmdm-siris_arc_211024,"Gordon Franklin Peers papers, [ca. 1916-1981]",Archival materials,Sketchbooks,1920s,no place data
edanmdm-siris_arc_380756,"Productions, c. 1985-1995",Archival materials,Audiotapes,1990s,Extraterrestrial
edanmdm-siris_arc_251985,"Records, 1987-1996",Clippings (information artifacts),Archival materials,1990s,no place data
edanmdm-siris_arc_394803,Center for the Study of Man Conference,Archival materials,Photographs,1970s,no place data
edanmdm-siris_arc_394804,Center for the Study of Man Conference,Archival materials,Photographs,1970s,no place data
edanmdm-siris_arc_396220,Exterior View of Jean C. Schmidt Environmental Education Building at Chesapeake Bay Center for Environmental Studies,Archival materials,Photographs,1970s,no place data
edanmdm-siris_arc_397977,Children Tour Chesapeake Bay Center for Environmental Studies (CBCES),Archival materials,Photographs,1970s,no place data
edanmdm-siris_arc_208460,"Calvin Albert papers, 1933-1964",Archival materials,Scrapbooks,1940s,no place data
edanmdm-siris_arc_246807,"Program Files, 1971-2006, undated",Video recordings,Manuscripts (documents),2000s,no place data
edanmdm-siris_arc_215774,"Jerome Caja papers, 1920-1995",Video recordings,Archival materials,1920s,no place data
edanmdm-siris_arc_212915,"Jacques Joseph Camins films and posters, ca. 1965",Archival materials,Collection descriptions,1920s,no place data
edanmdm-siris_sil_1132060,"A companion to early cinema / edited by André Gaudreault, Nicolas Dulac, Santiago Hidalgo ; assisted by Pierre Chemartin",E-books,"Criticism, interpretation, etc",2010s,no place data
edanmdm-siris_arc_215856,"Frederick Arthur Bridgman papers, 1869-1929",Archival materials,Collection descriptions,1920s,no place data
edanmdm-siris_arc_214031,"Chester D. Snowden papers, 1922-1982",Archival materials,Collection descriptions,1920s,no place data
edanmdm-siris_arc_211428,"Michael Marius Ursulescu papers, [ca. 1945-1950]",Archival materials,Collection descriptions,1940s,no place data
edanmdm-siris_arc_211134,"Rudy Pozzatti papers, 1951-1982",Archival materials,Sketchbooks,1960s,no place data
edanmdm-siris_arc_251619,"Program Files, 1972-1995",Archival materials,Audiotapes,1990s,no place data
edanmdm-siris_arc_395126,J. Kevin Sullivan Receives an Award,Archival materials,Photographs,1970s,no place data
edanmdm-siris_arc_396111,Conference on Study of Human Populations,Archival materials,Photographs,1970s,no place data
edanmdm-siris_arc_396197,Francis S.L. Williamson Awarded Secretary's Gold Medal,Archival materials,Photographs,1970s,no place data
edanmdm-siris_arc_398054,National Associates' Selected Studies Program on Horticulture,Archival materials,Photographs,1970s,no place data
edanmdm-siris_arc_247192,"Robert Sperry papers, 1951-2002",Video recordings,Archival materials,2000s,no place data
edanmdm-siris_arc_209402,"Gyorgy Kepes papers, 1909-2003, bulk 1935-1985",Archival materials,Sketchbooks,1920s,North America
edanmdm-siris_arc_211607,"Skowhegan School of Painting and Sculpture records, 1945-2013",Archival materials,Sound recordings,2010s,no place data
edanmdm-siris_arc_363319,"Aleksandra Kasuba papers, c. 1900-2019, bulk 1960-2000",Video recordings,Archival materials,1920s,no place data
edanmdm-siris_arc_392753,"Oral history interview with Jack Waters, 2018 February 21-22",Archival materials,Interviews,2010s,no place data
edanmdm-siris_arc_210036,"Anthony Joseph Lauck papers, 1947-1970",Archival materials,Collection descriptions,1940s,no place data
edanmdm-siris_arc_217064,"Videotapes, 1987",Archival materials,Videotapes,1980s,no place data
edanmdm-siris_arc_208443,"Ruth Abrams papers, 1934-1983",Archival materials,Collection descriptions,1940s,no place data
edanmdm-siris_arc_209118,"American University Fine Arts Department records, 1946-1980",Archival materials,Collection descriptions,1940s,no place data
edanmdm-siris_sil_1144969,Jewellery in the age of modernism 1918-1940 : adornment and beyond Simon Bliss,Electronic information resources,no data,1920s,no place data
edanmdm-siris_arc_211089,"Walter Feldman papers, 1947-1971",Archival materials,Collection descriptions,1940s,no place data
edanmdm-siris_arc_211355,"Joseph Konzal papers, 1913-1977",Archival materials,Collection descriptions,1920s,no place data
edanmdm-siris_arc_211699,"Julia Sully papers, [ca. 1730]-1948",Archival materials,Collection descriptions,1920s,no place data
edanmdm-siris_arc_208563,"Jay and Mary Crovatt Hambidge papers, 1841-1973",Archival materials,Collection descriptions,1920s,no place data
edanmdm-siris_arc_210977,"Esther McCoy papers, 1876-1990, bulk, 1938-1989",Video recordings,Archival materials,1920s,no place data
edanmdm-siris_arc_216897,"Records, circa 1963-1986",Archival materials,Maps,1960s,Asia
edanmdm-siris_arc_211744,"Horatio Greenough sketchbook and drawings, 1823-1851",Archival materials,Sketchbooks,1820s,no place data
edanmdm-siris_arc_212156,"Dwinell Grant papers, 1923-1988",Video recordings,Archival materials,1920s,no place data
edanmdm-siris_arc_370269,"Productions, 1982-2013",DVDs,Manuscripts (documents),2010s,no place data
edanmdm-siris_arc_211563,"Charles H. Woodbury papers, 1866-1939",Video recordings,Archival materials,1920s,North America
edanmdm-siris_arc_226089,"Sacha Kolin papers, ca. 1950-1980",Video recordings,Archival materials,1960s,no place data
edanmdm-siris_arc_387864,"Oral history interview with James Wentzy, 2017 January 23-March 31",Archival materials,Sound recordings,2010s,no place data
edanmdm-siris_arc_211072,"Charles Biederman papers, 1930-1977",Archival materials,Collection descriptions,1920s,no place data
edanmdm-siris_arc_211147,"Oronzo Gasparo papers, 1909-1975",Video recordings,Archival materials,1920s,no place data
edanmdm-siris_arc_209491,"Jan Stussy papers, 1950-1985",Video recordings,Archival materials,1920s,no place data
edanmdm-siris_arc_217061,"Records, circa 1971-1984",Archival materials,Audiotapes,1980s,no place data
edanmdm-siris_arc_209151,"Emlen Etting papers, 1928-1987",Archival materials,Collection descriptions,1920s,no place data
edanmdm-siris_arc_211569,"Marguerite Wildenhain papers, 1930-1982",Video recordings,Archival materials,1940s,no place data
edanmdm-siris_arc_209661,"Contemporary Arts Center records, 1976-1980",Archival materials,Collection descriptions,1920s,no place data
edanmdm-siris_arc_209591,"George Sugarman papers, 1912-2001",Video recordings,Archival materials,1920s,no place data
edanmdm-siris_arc_216767,"Records, 1972-1974",Archival materials,Collection descriptions,1970s,no place data
edanmdm-siris_arc_379872,"Productions, 1986-2013",DVDs,Manuscripts (documents),2010s,no place data
edanmdm-siris_arc_210285,"Exhibition records of the Contemporary Wing of the Finch College Museum of Art, 1943-1975",Archival materials,Collection descriptions,1920s,no place data
edanmdm-siris_arc_209489,"Ethel Schwabacher papers, 1940-1975",Archival materials,Collection descriptions,1920s,no place data
edanmdm-siris_arc_211258,"Charles Henry Sawyer papers, 1933-1977",Archival materials,Collection descriptions,1940s,no place data
edanmdm-siris_arc_210353,"Philip Pearlstein papers, circa 1940-2008",Video recordings,Archival materials,1920s,no place data
edanmdm-siris_arc_216209,"Scull family scrapbook, 1953-1996",Archival materials,Scrapbooks,1990s,no place data
edanmdm-siris_arc_216374,"Maryette Charlton papers, circa 1890-2013",Video recordings,Archival materials,1920s,no place data
edanmdm-siris_arc_212797,"James S. Ackerman papers, circa 1942-2011",Archival materials,Collection descriptions,2010s,no place data
edanmdm-siris_arc_208630,"Edward H. La Farge papers, 1928-1974",Archival materials,Collection descriptions,1920s,no place data
edanmdm-siris_arc_216458,"Oral history interview with Ruben Torres-Llorca, 1998 January 31",Archival materials,Sound recordings,1920s,no place data
edanmdm-siris_sil_1137022,A companion to the war film / edited by Douglas A. Cunningham and John C. Nelson,E-books,"Criticism, interpretation, etc",2010s,no place data
edanmdm-siris_sil_1129275,"Explorations in new cinema history : approaches and case studies / edited by Richard Maltby, Daniel Biltereyst and Philippe Meers",E-books,Electronic information resources,1920s,no place data
edanmdm-siris_arc_212066,"Oral history interview with Joseph Warren McCullough, 1976 Mar. 9-10",Archival materials,Sound recordings,1970s,no place data
edanmdm-siris_arc_212231,"Oral history interview with Christo, 1973 August 28-30",Archival materials,Sound recordings,1920s,no place data
edanmdm-siris_arc_211393,"Jeanne Reynal papers, 1942-1968",Archival materials,Collection descriptions,1920s,no place data
edanmdm-siris_arc_212050,"Oral history interview with Larry Rivers, 1968 November 2",Archival materials,Sound recordings,1960s,no place data
edanmdm-siris_arc_216555,"Athena Tacha papers, 1960-2019",Archival materials,Collection descriptions,1920s,no place data
edanmdm-siris_arc_221038,"Agency history, 1987-1996",Archival materials,no data,1990s,Extraterrestrial
edanmdm-siris_arc_221104,"Agency history, 1994-",Archival materials,no data,1990s,no place data
edanmdm-siris_arc_279482,"Colin de Land collection 1968-2008, bulk 1980-2003",Video recordings,Archival materials,2000s,no place data
edanmdm-siris_arc_380092,Written in Bone: Finding the Evidence,Archival materials,Born digital,2000s,no place data
edanmdm-siris_arc_380093,Written in Bone: Finding the Evidence,Archival materials,Born digital,2000s,no place data
edanmdm-siris_arc_249047,"Oral history interview with Graciela Sanchez, 2004 June 25-July 2",Archival materials,Sound recordings,2000s,no place data
edanmdm-siris_arc_212074,"Oral history interview with Robert Blackburn, 1970 December 4",Archival materials,Sound recordings,1970s,no place data
edanmdm-siris_arc_214720,"Charles C. Perkins papers, 1844-1868",Archival materials,Sketchbooks,1800s,Europe
edanmdm-siris_arc_209526,"Harold C. Davies papers, 1910-1975",Archival materials,Sketchbooks,1920s,no place data
edanmdm-siris_arc_212021,"Oral history interview with Emlen Etting, 1988 Oct. 12",Archival materials,Sound recordings,1980s,no place data
edanmdm-siris_arc_211641,"Buckley Mac-Gurrin papers, 1927-1962",Archival materials,Scrapbooks,1920s,no place data
edanmdm-siris_arc_211471,"Gyula Zilzer papers, 1926-1969",Archival materials,Sketchbooks,1920s,no place data
edanmdm-siris_arc_212939,"Oral history interview with Roy Moyer, 1975 September 17-23",Archival materials,Sound recordings,1920s,Europe
edanmdm-siris_arc_210783,"Katharine Lane Weems papers, 1865-1989",Video recordings,Archival materials,1920s,North America
edanmdm-fbr_item_MODSI1737,"Field notes of Harry Pederson, 1961",Field notes,no data,1960s,no place data
edanmdm-siris_arc_396578,"Unveiling of Model for ""The Federal City: Plans and Realities"" Exhibition at the Smithsonian Institution Building, or Castle",Archival materials,Photographs,1970s,North America
edanmdm-siris_arc_308476,"College student William Silverman (at right), standing with his former high school teacher, Creed F. Bates Jr., on the lawn of the Rhea County Courthouse, Dayton, Tennessee",Archival materials,Photographs,1920s,no place data
edanmdm-siris_arc_217295,"Carl John Drake Papers, 1930-1945",Archival materials,Field notes,1940s,North America
edanmdm-siris_arc_250976,"Animal Research Records, 1972-1990",Archival materials,Audiotapes,1990s,no place data
edanmdm-nmah_679378,Nuts and Bolts Soldier from Animated Film by George Pal,"figure, animation",no data,1940s,no place data
edanmdm-siris_arc_226181,"Chris K. Ishii papers, [ca. 1940] - 1999",Archival materials,Collection descriptions,1940s,no place data
edanmdm-siris_arc_360778,"Photographic Collection, 1860-1960",Archival materials,Collection descriptions,1920s,no place data
edanmdm-siris_arc_380125,Written in Bone: Living and Dying in America,Archival materials,Born digital,2000s,no place data
edanmdm-siris_arc_211846,"Sylvia Shaw Judson papers, 1897-1981",Archival materials,Collection descriptions,1920s,Africa
edanmdm-siris_arc_211606,"Mitchell Siporin papers, 1913-1990",Video recordings,Archival materials,1920s,no place data
edanmdm-siris_sil_1118373,Sources and methods in indigenous studies edited by Chris Andersen and Jean M. O'Brien,Electronic information resources,no data,2010s,no place data
edanmdm-siris_arc_216529,"Letterio Calapai, master artist [videorecording] / North Shore Productions ; writer and editor, Deb Ellis ; executive producer, Neil P. Charak",Video recordings,Archival materials,1920s,no place data
edanmdm-siris_arc_379851,"Audiovisual Recordings, circa 1974-2007",Archival materials,DVDs,2000s,no place data
edanmdm-siris_arc_218134,"Publicity Files, 1955-2015",Clippings (information artifacts),Archival materials,2010s,no place data
edanmdm-siris_arc_390249,"Productions, 2008-2013",Archival materials,Records (documents),2010s,no place data
edanmdm-siris_arc_281323,"Melbourne R. Carriker Papers, 1934-2007",Archival materials,Audiotapes,1940s,South America
edanmdm-siris_arc_242177,"Oral history interview with Ron Nagle, 2003 July 8-9",Archival materials,Sound recordings,2000s,no place data
edanmdm-siris_arc_211078,"Max Bohm papers, 1873-1970, bulk 1880-1959",Archival materials,Sketchbooks,1920s,Europe
edanmdm-siris_arc_260990,"Productions, 1990-1992, 1998",Archival materials,Audiotapes,1990s,Asia
edanmdm-siris_arc_228718,"Hildreth Meière papers, 1901-2011, bulk 1911-1960",Video recordings,Archival materials,1920s,Europe
edanmdm-siris_arc_214368,"Jane Teller papers, 1911-1991",Video recordings,Archival materials,1920s,no place data
edanmdm-siris_arc_210490,"Rudolf Arnheim papers, 1919-1998",Archival materials,Sound recordings,1920s,no place data
edanmdm-siris_arc_386087,"Oral history interview with Frank Holliday, 2017 January 24-26",Archival materials,Sound recordings,2010s,no place data
edanmdm-siris_arc_211852,"Richard E. Filipowski papers, circa 1940-1998",Archival materials,Sketchbooks,1920s,no place data
edanmdm-siris_arc_209254,"William McGregor Paxton papers, 1886-1971",Archival materials,Sketchbooks,1920s,no place data
edanmdm-siris_arc_296471,"Oral history interview with Peter Goulds, 2008 Mar.24-July 28",Archival materials,Sound recordings,2000s,no place data
edanmdm-siris_arc_211968,"Oral history interview with Sol LeWitt, 1974 July 15",Archival materials,Sound recordings,1920s,no place data
edanmdm-siris_arc_211686,"Don Freeman printed material, 1936-1955",Archival materials,Collection descriptions,1920s,North America
edanmdm-siris_arc_210187,"George L. K. Morris papers, 1916-1967",Archival materials,Collection descriptions,1920s,no place data
edanmdm-siris_arc_387760,"Oral history interview with Patrick Moore, 2017 April 15",Archival materials,Sound recordings,2010s,no place data
edanmdm-siris_arc_211182,"Karl Gruppe papers, 1900-1978",Archival materials,Collection descriptions,1920s,no place data
edanmdm-siris_arc_211299,"Marlis Schratter papers, 1956-1983",Archival materials,Scrapbooks,1920s,no place data
edanmdm-siris_arc_215915,"Merrell Gage papers, 1911-1982",Archival materials,Collection descriptions,1920s,no place data
edanmdm-siris_arc_210944,"Charles Walter Stetson papers, 1879-1974",Archival materials,Sketchbooks,1920s,no place data
edanmdm-siris_arc_209959,"Elizabeth Basye Gilmore Holt papers, 1931-1987",Archival materials,Collection descriptions,1940s,no place data
edanmdm-siris_arc_216021,"Oral history interview with Margret Craver Withers, 1983-1985",Archival materials,Sound recordings,1980s,no place data
edanmdm-siris_arc_218079,"Agency history, 1962-",Archival materials,no data,1960s,no place data
edanmdm-siris_arc_396574,"Unveiling of Model for ""The Federal City: Plans and Realities"" Exhibition at the Smithsonian Institution Building, or Castle",Archival materials,Photographs,1970s,North America
edanmdm-siris_arc_211789,"Irving Block papers, 1938-1986",Archival materials,Collection descriptions,1920s,no place data
edanmdm-siris_arc_389604,"Oral history interview with Rosalyn Drexler, 2017 May 17-June 2",Archival materials,Sound recordings,2010s,no place data
edanmdm-siris_arc_211196,"Charles Webster and Marion Campbell Hawthorne papers, 1870-1983",Archival materials,Collection descriptions,1920s,no place data
edanmdm-siris_arc_215377,"Robert Durant Feild papers, [ca. 1939-1972]",Archival materials,Sketchbooks,1940s,no place data
edanmdm-siris_arc_215688,"Abstract expressionist art movement in America video documentation project, 1991-1992",Video recordings,Archival materials,1990s,no place data
edanmdm-siris_arc_209426,"Vera Klement papers, 1946-2015",Archival materials,Sketchbooks,1920s,no place data
edanmdm-siris_arc_211666,"Clay Spohn papers, circa 1862-1985, bulk, 1890-1985",Archival materials,Sketchbooks,1920s,no place data
edanmdm-siris_arc_278850,"Thread Waxing Space records, 1980s-2001, bulk 1991-2001",Video recordings,Archival materials,2000s,no place data
edanmdm-siris_arc_211205,"Theo Hios papers, 1938-1994",Archival materials,Sketchbooks,1940s,no place data
edanmdm-siris_sil_1145190,Unsustainable empire alternative histories of Hawaiʻi statehood Dean Itsuji Saranillio,E-books,Electronic information resources,1920s,Oceania
edanmdm-siris_sil_1122014,"A companion to digital humanities / edited by Susan Schreibman, Ray Siemens, and John Unsworth",E-books,Llibres electrònics,2000s,no place data
edanmdm-siris_arc_209200,"William E. L. Bunn papers, 1863-2009",Archival materials,Sketchbooks,1920s,no place data
edanmdm-siris_arc_217472,"Robert E. Silberglied Papers, 1960-1982, with related materials to 1984",Clippings (information artifacts),Archival materials,1960s,North America
edanmdm-siris_arc_282112,"Productions, 1985-1998",Video recordings,Archival materials,1990s,no place data
edanmdm-siris_arc_237703,"Oral history interview with Edgar Anderson, 2002 September 17-19",Archival materials,Sound recordings,2000s,no place data
edanmdm-siris_arc_217584,"Thomas J. M. Schopf Papers, circa 1963-1984",Archival materials,Field notes,1960s,no place data
edanmdm-siris_arc_256378,"Program Records, 1993-1997",Archival materials,Audiotapes,1990s,no place data
edanmdm-siris_arc_208629,"Joseph Cornell papers, 1804-1986, bulk 1939-1972",Archival materials,Collection descriptions,1800s,no place data
edanmdm-siris_sil_1135645,A companion to Robert Altman / edited by Adrian Danks,E-books,Treatises,2010s,no place data
edanmdm-siris_arc_210571,"Jean Gabriel Lemoine material relating to Morgan Russell, 1921-1923, 1964",Archival materials,Collection descriptions,1920s,no place data
edanmdm-siris_arc_305134,"Golden Lion Tamarin Conservation Program Records, 1969-2002",Posters,Newsletters,2000s,no place data
edanmdm-siris_arc_209029,"Enid Yandell papers, circa 1890-circa 1901, 1986",Archival materials,Collection descriptions,1920s,no place data
edanmdm-siris_arc_211210,"Theodore Bolton papers, 1917-1958",Archival materials,Collection descriptions,1920s,no place data
edanmdm-siris_arc_282437,"Oral history interview with John Cederquist, 2009 April 14-15",Archival materials,Sound recordings,2000s,no place data
edanmdm-siris_arc_209064,"Ben Shahn papers, 1879-1990, bulk 1933-1970",Video recordings,Archival materials,1920s,no place data
edanmdm-siris_arc_211322,"Louis and Annette Kaufman papers, 1931-2000",Archival materials,Collection descriptions,1940s,no place data
edanmdm-siris_arc_211466,"Vaclav Vytlacil papers, 1885-1990",Archival materials,Sound recordings,1920s,no place data
edanmdm-siris_arc_212114,"Pietro Lazzari papers, 1878-1998",Archival materials,Sketchbooks,1920s,no place data
edanmdm-siris_arc_282435,"Audrey Flack papers, 1950-2009",Video recordings,Archival materials,2000s,no place data
edanmdm-siris_arc_212530,"Oral history interview with Victoria Barr, 1977 January 11-February 18",Archival materials,Sound recordings,1970s,no place data
edanmdm-siris_arc_391020,"Oral history interview with Cheech Marin, 2017 October 16-17",Archival materials,Sound recordings,2010s,no place data
edanmdm-siris_arc_393832,"Oral history interview with Robert Morris, 2018 April 19-20",Archival materials,Sound recordings,2010s,no place data
edanmdm-siris_arc_214389,"Benjamin West selected papers from the Historical Society of Pennsylvania, 1755-1819",Archival materials,Sketchbooks,1800s,no place data
edanmdm-siris_arc_210408,"Alexander Robertson James papers, 1893-1983 bulk 1914-1946",Archival materials,Sketchbooks,1920s,no place data
edanmdm-siris_arc_227882,"Hans Hofmann papers, [circa 1904]-2011, bulk 1945-2000",Video recordings,Archival materials,1920s,no place data
edanmdm-siris_arc_391557,"Productions, 1994-2013",Archival materials,Brochures,2010s,no place data
edanmdm-siris_arc_278666,"Productions, 1984-1991, 1995-1998, 2003",Archival materials,Videotapes,1990s,Oceania
edanmdm-siris_arc_209224,Ralph and Bena Frank Mayer papers [ca. 1920]-1964,Archival materials,Collection descriptions,1920s,no place data
edanmdm-siris_arc_254936,"Oral history interview with Regina Vater, 2004 February 23-25",Archival materials,Sound recordings,2000s,no place data
edanmdm-siris_arc_282217,"Oral history interview with Robert Longo, 2009 January 30-31",Archival materials,Sound recordings,2000s,Europe
edanmdm-siris_arc_216215,"Humberto Dionisio papers, 1919-1990",Archival materials,Collection descriptions,1920s,North America
edanmdm-siris_arc_209579,"Otto Bacher papers, 1873-1938",Archival materials,Collection descriptions,1920s,no place data
edanmdm-siris_arc_216345,"Dahlov Ipcar papers, 1906-1997",Archival materials,Scrapbooks,1920s,no place data
edanmdm-siris_sil_1145371,Propaganda performed kamishibai in Japan's fifteen year war by Sharalyn Orbaugh,E-books,"Criticism, interpretation, etc",1920s,Asia
edanmdm-siris_arc_292731,"Jacques Lipchitz papers and Bruce Bassett papers relating to Jacques Lipchitz, circa 1910-2001, bulk 1941-2001",Video recordings,Archival materials,1920s,no place data
edanmdm-fbr_item_MODSI284,"Utah and California, 1914 : to investigate the nature and origin of duck disease and feeding habits of waterfowl; Includes correspondence, 1914-1915, and expense books",Field notes,Correspondence,1910s,no place data
edanmdm-siris_arc_211378,"Abraham Rattner and Esther Gentle papers, 1891-1986",Archival materials,Collection descriptions,1920s,no place data
edanmdm-siris_arc_362118,"Oral history interview with Barbara Bloom, 2012 October 18-2013 January 31",Archival materials,Sound recordings,2010s,Europe
edanmdm-siris_arc_209173,"Morris Louis and Morris Louis Estate papers, circa 1910s-2007, bulk 1965-2000",Video recordings,Archival materials,1920s,no place data
edanmdm-siris_arc_212717,"Oral history interview with Al Hansen, 1973 November 6-13",Archival materials,Sound recordings,1970s,no place data
edanmdm-siris_arc_210589,"Henry Varnum Poor papers, 1873-2001, bulk 1904-1970",Archival materials,Sketchbooks,1920s,no place data
edanmdm-siris_arc_208923,"Robert Bruce Inverarity papers, circa 1840s-1997",Archival materials,Sketchbooks,1920s,North America
edanmdm-siris_arc_370420,"Oral history interview with Allan Sekula, 2011 August 20-2012 February 14",Archival materials,Sound recordings,1920s,no place data
edanmdm-siris_arc_211459,"Elihu Vedder papers, 1804-1969, bulk 1840-1923",Archival materials,Collection descriptions,1800s,no place data
edanmdm-siris_arc_283555,"Oral history interview with William Morris, 2009 July 13-14",Archival materials,Sound recordings,2000s,Europe
edanmdm-siris_arc_217464,"Frederick Atwood Greeley Papers, 1920-1979",Clippings (information artifacts),Archival materials,1920s,no place data
edanmdm-siris_arc_217733,"Tropical Rainforest Exhibit Oral History Collection 1992, 1994",Archival materials,Audiotapes,1990s,no place data
edanmdm-siris_arc_211670,"Walter Elmer Schofield papers, 1885-1974",Archival materials,Collection descriptions,1920s,no place data
edanmdm-siris_arc_248017,"Oral history interview with Jesse Amado, 2004 May 31-June 7",Archival materials,Sound recordings,2000s,no place data
edanmdm-siris_arc_211354,"Isidore Konti papers, 1879-1956",Archival materials,Sketchbooks,1920s,no place data
edanmdm-siris_arc_370445,"Cosmos Andrew Sarchiapone papers, circa 1860-2011, bulk 1940-2011",Video recordings,Archival materials,1920s,North America
edanmdm-nmah_1296376,Photographic History Collection,Photographic History Collection,photographic history collection,no date data,no place data
edanmdm-siris_arc_213367,"Emmet family papers, 1792-1989, bulk, 1851-1989",Video recordings,Archival materials,1800s,no place data
edanmdm-siris_arc_210466,"Walter and Ise Gropius papers, 1883-1981",Archival materials,Sound recordings,1920s,no place data
edanmdm-siris_arc_212990,"E.P. (Edgar Preston) and Constance Richardson papers, 1814-1996, bulk 1921-1996",Archival materials,Collection descriptions,1920s,North America
edanmdm-siris_arc_216020,"Enrique Riverón papers, 1918-1990s",Archival materials,Scrapbooks,1920s,no place data
edanmdm-siris_arc_215300,"Lewis W. Rubenstein papers, 1923-1993",Caricatures,Archival materials,1920s,no place data
edanmdm-siris_arc_216655,"Records, 1890-1929",Archival materials,Collection descriptions,1920s,no place data
edanmdm-siris_arc_217722,The History of the Cell Sorter Videohistory Collection 1991,Archival materials,Videotapes,1990s,no place data
edanmdm-siris_arc_214742,"Gregory Battcock papers, 1952-circa 1980",Video recordings,Archival materials,1920s,no place data
edanmdm-siris_arc_216351,"Claire Falkenstein papers, circa 1914-1997, bulk 1940-1990",Archival materials,Sketchbooks,1920s,no place data
edanmdm-siris_arc_215872,"John Wilde papers, 1935-2011",Archival materials,Sketchbooks,2010s,no place data
edanmdm-siris_arc_221206,"Downtown Gallery records, 1824-1974, bulk 1926-1969",Video recordings,Archival materials,1920s,no place data
edanmdm-siris_arc_211998,"Robert Laurent papers, 1869-1973",Archival materials,Collection descriptions,1920s,no place data
edanmdm-siris_arc_217388,"Waldo LaSalle Schmitt Papers, 1907-1978",Archival materials,Audiotapes,1920s,no place data
edanmdm-siris_arc_211356,"Michael Loew papers, 1930-1997",Archival materials,Collection descriptions,1920s,no place data
edanmdm-siris_arc_216518,"Karl E. Fortess interviews with artists, circa 1963-1985",Archival materials,Collection descriptions,1960s,no place data